{"LSTM Prediction Plot":{"format":"png","width":1200,"height":600,"_type":"image-file","sha256":"9b93b21a81969c37154aedd4e8ebbb51c2988db5af5f1c7c6bb1d1fa912e3e84","size":73242,"path":"media/images/LSTM Prediction Plot_1_9b93b21a81969c37154a.png"},"_wandb":{"runtime":9},"RMSE":697.4400093811823,"_timestamp":1.743219693446249e+09,"_runtime":3.867301,"_step":1}